id,title,description,publishedAt,tags,categoryId,defaultLanguage,defaultAudioLanguage,thumbnail_default,thumbnail_high,duration,viewCount,likeCount,commentCount,privacyStatus,channel_id,channel_title,channel_description,channel_country,channel_thumbnail,channel_subscriberCount,channel_videoCount
wJ6yrhWX6fw,Future Prediction | Elon Musk x Nikhil Kamath,"#NikhilKamath Co-founder of Zerodha and Gruhas 
Host of 'WTF is' & 'People By WTF' Podcast 
Twitter: https://x.com/nikhilkamathcio/  
Instagram:  https://www.instagram.com/nikhilkamathcio/
LinkedIn: https://www.linkedin.com/in/nikhilkamathcio?utm_source=share&utm_campaign=share_via&utm_content=profile&utm_medium=ios_app
Facebook: https://www.facebook.com/nikhilkamathcio/

#WTFiswithnikhilkamath  #PeopleByWTF",2025-12-01T13:21:20Z,"nikhil kamath,nikhil kamath podcast,zerodha co founder,wtf is with nikhil kamath,startup podcasts,business podcasts in india,zerodha,peoplebywtf,entrepreneurship,indian entrepreneurship,startup ecosystem,Bengaluru,podcasts,indian podcasts,Mumbai",22,en,en-IN,https://i.ytimg.com/vi/wJ6yrhWX6fw/default.jpg,https://i.ytimg.com/vi/wJ6yrhWX6fw/hqdefault.jpg,PT36S,400553,11849,114,public,UCnC8SAZzQiBGYVSKZ_S3y4Q,Nikhil Kamath,"""WTF is"" is a podcast series where entrepreneur and Investor Nikhil Kamath hosts friends and industry experts and holds casual yet intellectually stimulating conversations. The podcast covers a broad range of topics of particular current relevance, including technology, social media, renewable energy, electric vehicles, philosophy, gaming, psychology and more.",IN,https://yt3.ggpht.com/XGYri31DcKi98pan5DYErwHPuPSQbUX97DpRzp-652rpXvrXuokR_YJrSdm6LJJORJkTvL7kBF0=s88-c-k-c0x00ffffff-no-rj,1950000,1121
i3YvAW3d-N0,Public Investor Hat | Elon Musk x Nikhil Kamath,"#NikhilKamath Co-founder of Zerodha and Gruhas 
Host of 'WTF is' & 'People By WTF' Podcast 
Twitter: https://x.com/nikhilkamathcio/  
Instagram:  https://www.instagram.com/nikhilkamathcio/
LinkedIn: https://www.linkedin.com/in/nikhilkamathcio?utm_source=share&utm_campaign=share_via&utm_content=profile&utm_medium=ios_app
Facebook: https://www.facebook.com/nikhilkamathcio/

#WTFiswithnikhilkamath  #PeopleByWTF",2025-12-01T04:42:53Z,,22,en,en-IN,https://i.ytimg.com/vi/i3YvAW3d-N0/default.jpg,https://i.ytimg.com/vi/i3YvAW3d-N0/hqdefault.jpg,PT33S,1279476,31289,114,public,UCnC8SAZzQiBGYVSKZ_S3y4Q,Nikhil Kamath,"""WTF is"" is a podcast series where entrepreneur and Investor Nikhil Kamath hosts friends and industry experts and holds casual yet intellectually stimulating conversations. The podcast covers a broad range of topics of particular current relevance, including technology, social media, renewable energy, electric vehicles, philosophy, gaming, psychology and more.",IN,https://yt3.ggpht.com/XGYri31DcKi98pan5DYErwHPuPSQbUX97DpRzp-652rpXvrXuokR_YJrSdm6LJJORJkTvL7kBF0=s88-c-k-c0x00ffffff-no-rj,1950000,1121
e1EFXHylwNQ,Message For Indian Entrepreneurs | Elon Musk,"#NikhilKamath Co-founder of Zerodha and Gruhas 
Host of 'WTF is' & 'People By WTF' Podcast 
Twitter: https://x.com/nikhilkamathcio/  
Instagram:  https://www.instagram.com/nikhilkamathcio/
LinkedIn: https://www.linkedin.com/in/nikhilkamathcio?utm_source=share&utm_campaign=share_via&utm_content=profile&utm_medium=ios_app
Facebook: https://www.facebook.com/nikhilkamathcio/

#WTFiswithnikhilkamath  #PeopleByWTF",2025-12-01T04:04:23Z,,22,en,en-IN,https://i.ytimg.com/vi/e1EFXHylwNQ/default.jpg,https://i.ytimg.com/vi/e1EFXHylwNQ/hqdefault.jpg,PT31S,580901,19461,113,public,UCnC8SAZzQiBGYVSKZ_S3y4Q,Nikhil Kamath,"""WTF is"" is a podcast series where entrepreneur and Investor Nikhil Kamath hosts friends and industry experts and holds casual yet intellectually stimulating conversations. The podcast covers a broad range of topics of particular current relevance, including technology, social media, renewable energy, electric vehicles, philosophy, gaming, psychology and more.",IN,https://yt3.ggpht.com/XGYri31DcKi98pan5DYErwHPuPSQbUX97DpRzp-652rpXvrXuokR_YJrSdm6LJJORJkTvL7kBF0=s88-c-k-c0x00ffffff-no-rj,1950000,1121
5TTUiuQXyPM,Delay Gratification | Elon Musk x Nikhil Kamath,"#NikhilKamath Co-founder of Zerodha and Gruhas 
Host of 'WTF is' & 'People By WTF' Podcast 
Twitter: https://x.com/nikhilkamathcio/  
Instagram:  https://www.instagram.com/nikhilkamathcio/
LinkedIn: https://www.linkedin.com/in/nikhilkamathcio?utm_source=share&utm_campaign=share_via&utm_content=profile&utm_medium=ios_app
Facebook: https://www.facebook.com/nikhilkamathcio/

#WTFiswithnikhilkamath  #PeopleByWTF",2025-12-01T03:52:08Z,,22,en,en-IN,https://i.ytimg.com/vi/5TTUiuQXyPM/default.jpg,https://i.ytimg.com/vi/5TTUiuQXyPM/hqdefault.jpg,PT34S,393962,9702,73,public,UCnC8SAZzQiBGYVSKZ_S3y4Q,Nikhil Kamath,"""WTF is"" is a podcast series where entrepreneur and Investor Nikhil Kamath hosts friends and industry experts and holds casual yet intellectually stimulating conversations. The podcast covers a broad range of topics of particular current relevance, including technology, social media, renewable energy, electric vehicles, philosophy, gaming, psychology and more.",IN,https://yt3.ggpht.com/XGYri31DcKi98pan5DYErwHPuPSQbUX97DpRzp-652rpXvrXuokR_YJrSdm6LJJORJkTvL7kBF0=s88-c-k-c0x00ffffff-no-rj,1950000,1121
y1sL97XHC_w,Milton Friedman | Elon Musk x Nikhil Kamath,"#NikhilKamath Co-founder of Zerodha and Gruhas 
Host of 'WTF is' & 'People By WTF' Podcast 
Twitter: https://x.com/nikhilkamathcio/  
Instagram:  https://www.instagram.com/nikhilkamathcio/
LinkedIn: https://www.linkedin.com/in/nikhilkamathcio?utm_source=share&utm_campaign=share_via&utm_content=profile&utm_medium=ios_app
Facebook: https://www.facebook.com/nikhilkamathcio/

#WTFiswithnikhilkamath  #PeopleByWTF",2025-12-01T03:42:09Z,,22,en,en-IN,https://i.ytimg.com/vi/y1sL97XHC_w/default.jpg,https://i.ytimg.com/vi/y1sL97XHC_w/hqdefault.jpg,PT39S,836190,23869,328,public,UCnC8SAZzQiBGYVSKZ_S3y4Q,Nikhil Kamath,"""WTF is"" is a podcast series where entrepreneur and Investor Nikhil Kamath hosts friends and industry experts and holds casual yet intellectually stimulating conversations. The podcast covers a broad range of topics of particular current relevance, including technology, social media, renewable energy, electric vehicles, philosophy, gaming, psychology and more.",IN,https://yt3.ggpht.com/XGYri31DcKi98pan5DYErwHPuPSQbUX97DpRzp-652rpXvrXuokR_YJrSdm6LJJORJkTvL7kBF0=s88-c-k-c0x00ffffff-no-rj,1950000,1121
OCbcyhNb6Do,Coffee | Elon Musk x Nikhil Kamath,"#NikhilKamath Co-founder of Zerodha and Gruhas 
Host of 'WTF is' & 'People By WTF' Podcast 
Twitter: https://x.com/nikhilkamathcio/  
Instagram:  https://www.instagram.com/nikhilkamathcio/
LinkedIn: https://www.linkedin.com/in/nikhilkamathcio?utm_source=share&utm_campaign=share_via&utm_content=profile&utm_medium=ios_app
Facebook: https://www.facebook.com/nikhilkamathcio/

#WTFiswithnikhilkamath  #PeopleByWTF",2025-12-01T03:10:43Z,"nikhil kamath,nikhil kamath podcast,zerodha co founder,wtf is with nikhil kamath,startup podcasts,business podcasts in india,zerodha,peoplebywtf,entrepreneurship,indian entrepreneurship,startup ecosystem,Bengaluru,podcasts,indian podcasts,Mumbai,raha kapoor birthday,november 6,raha kapoor,ranbir kapoor daughter,alia ranbir raha",22,en,en-IN,https://i.ytimg.com/vi/OCbcyhNb6Do/default.jpg,https://i.ytimg.com/vi/OCbcyhNb6Do/hqdefault.jpg,PT40S,1099126,34918,323,public,UCnC8SAZzQiBGYVSKZ_S3y4Q,Nikhil Kamath,"""WTF is"" is a podcast series where entrepreneur and Investor Nikhil Kamath hosts friends and industry experts and holds casual yet intellectually stimulating conversations. The podcast covers a broad range of topics of particular current relevance, including technology, social media, renewable energy, electric vehicles, philosophy, gaming, psychology and more.",IN,https://yt3.ggpht.com/XGYri31DcKi98pan5DYErwHPuPSQbUX97DpRzp-652rpXvrXuokR_YJrSdm6LJJORJkTvL7kBF0=s88-c-k-c0x00ffffff-no-rj,1950000,1121
i56Q4Zd6uxA,Podcasting | Elon Musk x Nikhil Kamath,"#NikhilKamath Co-founder of Zerodha and Gruhas 
Host of 'WTF is' & 'People By WTF' Podcast 
Twitter: https://x.com/nikhilkamathcio/  
Instagram:  https://www.instagram.com/nikhilkamathcio/
LinkedIn: https://www.linkedin.com/in/nikhilkamathcio?utm_source=share&utm_campaign=share_via&utm_content=profile&utm_medium=ios_app
Facebook: https://www.facebook.com/nikhilkamathcio/

#WTFiswithnikhilkamath  #PeopleByWTF",2025-12-01T03:06:53Z,"nikhil kamath,nikhil kamath podcast,zerodha co founder,wtf is with nikhil kamath,startup podcasts,business podcasts in india,zerodha,peoplebywtf,entrepreneurship,indian entrepreneurship,startup ecosystem,Bengaluru,podcasts,indian podcasts,Mumbai,raha kapoor birthday,november 6,raha kapoor,ranbir kapoor daughter,alia ranbir raha",22,en,en-IN,https://i.ytimg.com/vi/i56Q4Zd6uxA/default.jpg,https://i.ytimg.com/vi/i56Q4Zd6uxA/hqdefault.jpg,PT24S,569736,15193,65,public,UCnC8SAZzQiBGYVSKZ_S3y4Q,Nikhil Kamath,"""WTF is"" is a podcast series where entrepreneur and Investor Nikhil Kamath hosts friends and industry experts and holds casual yet intellectually stimulating conversations. The podcast covers a broad range of topics of particular current relevance, including technology, social media, renewable energy, electric vehicles, philosophy, gaming, psychology and more.",IN,https://yt3.ggpht.com/XGYri31DcKi98pan5DYErwHPuPSQbUX97DpRzp-652rpXvrXuokR_YJrSdm6LJJORJkTvL7kBF0=s88-c-k-c0x00ffffff-no-rj,1950000,1121
Rni7Fz7208c,Elon Musk: A Different Conversation w/ Nikhil Kamath | Full Episode | People by WTF Ep. 16,"A long conversation with #ElonMusk about work, consciousness, family, money, AI and how the future might unfold.

No script, no performance, just two people thinking out loud.

A big thank you to Manoj Ladwa - a close friend of many years and a remarkable connector of India to the world and the world to India. Through India Global Forum, he has built one of the most influential platforms showcasing India’s rise. As I’ve said before, this is India’s decade, and leaders like Manoj Ladwa and @IndiaGlobalForum  will be the flag bearers in making that a reality.

Timestamps :
00:00 – Settling in
02:08 – On X, text vs video, how people communicate
06:45 – Collective consciousness
09:54 – Meaning of life, Hitchhiker’s Guide to the Galaxy
14:16 – Individuals vs collectives
17:35 – What makes a company worth investing in
20:00 – Work Elon is most excited about across Tesla, SpaceX and xAI
23:35 – Starlink explained simply
29:45 – UHI, and “Working will be optional”: what that means
34:35 – Marshmallow test & delayed gratification
36:13 – The letter X
42:15 – Money, energy and the far future
46:13 – AI, US debt & what productivity unlocks
51:07 – Matrix, Simulation theory & probabilities
56:30 – Morality, religion & GTA
1:01:25 – Elon’s version of the simulation 
1:03:17 – Elon’s Kids, Family structure & Nature vs. Nurture
1:12:33 – Should kids still go to college?
1:14:52 – How to regulate AI
1:20:08 – Language, history, and what remains timeless
1:23:22 — Movies vs podcasts
1:24:33 — Can AI understand human nuance?
1:26:01 — Where would Elon invest?
1:27:52 —David vs Goliath
1:30:03 — Humour, Friendship & Politics
1:37:00 — Politics, influence, and business
1:38:53 — Global trade, tariffs, Free markets
1:41:11 — The relationship between business and government
1:43:21 — DOGE 
1:46:47 — Philanthropy
1:47:39 — H1B & Immigration Laws
1:51:17 — Advice for people building
1:52:00 — Value creation and hard work
1:53:26 — Closing thoughts & gratitude

#NikhilKamath Entrepreneur & Investor

Host of 'WTF is' & 'People By WTF' Podcast 
X: https://x.com/nikhilkamathcio/  
Instagram:  https://www.instagram.com/nikhilkamathcio/
LinkedIn: https://www.linkedin.com/in/nikhilkamathcio?utm_source=share&utm_campaign=share_via&utm_content=profile&utm_medium=ios_app
Facebook: https://www.facebook.com/nikhilkamathcio/

#elonmusk 
X - https://x.com/elonmusk

Watch 'WTF is' Podcast on Spotify 
https://tinyurl.com/4nsm4ezn

Watch 'People by WTF' Podcast on Spotify 
https://tinyurl.com/yme92c59

Watch 'WTF Online' on Spotify 
https://tinyurl.com/4tjua4th

#WTFiswithnikhilkamath  #PeopleByWTF #WTFOnline",2025-11-30T13:25:06Z,"nikhil kamath,nikhil kamath podcast,zerodha co founder,wtf is with nikhil kamath,startup podcasts,business podcasts in india,zerodha,peoplebywtf,entrepreneurship,indian entrepreneurship,startup ecosystem,Bengaluru,podcasts,indian podcasts,Mumbai",22,en,en-IN,https://i.ytimg.com/vi/Rni7Fz7208c/default.jpg,https://i.ytimg.com/vi/Rni7Fz7208c/hqdefault.jpg,PT1H54M14S,5077987,187429,15063,public,UCnC8SAZzQiBGYVSKZ_S3y4Q,Nikhil Kamath,"""WTF is"" is a podcast series where entrepreneur and Investor Nikhil Kamath hosts friends and industry experts and holds casual yet intellectually stimulating conversations. The podcast covers a broad range of topics of particular current relevance, including technology, social media, renewable energy, electric vehicles, philosophy, gaming, psychology and more.",IN,https://yt3.ggpht.com/XGYri31DcKi98pan5DYErwHPuPSQbUX97DpRzp-652rpXvrXuokR_YJrSdm6LJJORJkTvL7kBF0=s88-c-k-c0x00ffffff-no-rj,1950000,1121
XgHveu3PGuI,Elon Musk x Nikhil Kamath | Ep. 16 Trailer | People by WTF,"Here’s to delaying gratification. The future belongs to the patient.

#NikhilKamath Entrepreneur & Investor

Host of 'WTF is' & 'People By WTF' Podcast 
X: https://x.com/nikhilkamathcio/  
Instagram:  https://www.instagram.com/nikhilkamathcio/
LinkedIn: https://www.linkedin.com/in/nikhilkamathcio?utm_source=share&utm_campaign=share_via&utm_content=profile&utm_medium=ios_app
Facebook: https://www.facebook.com/nikhilkamathcio/

#elonmusk 
X - https://x.com/elonmusk

Watch 'WTF is' Podcast on Spotify 
https://tinyurl.com/4nsm4ezn

Watch 'People by WTF' Podcast on Spotify 
https://tinyurl.com/yme92c59

Watch 'WTF Online' on Spotify 
https://tinyurl.com/4tjua4th

#WTFiswithnikhilkamath  #PeopleByWTF #WTFOnline",2025-11-30T02:48:00Z,"nikhil kamath,nikhil kamath podcast,zerodha co founder,wtf is with nikhil kamath,startup podcasts,business podcasts in india,zerodha,peoplebywtf,entrepreneurship,indian entrepreneurship,startup ecosystem,Bengaluru,podcasts,indian podcasts,Mumbai",22,en,en-IN,https://i.ytimg.com/vi/XgHveu3PGuI/default.jpg,https://i.ytimg.com/vi/XgHveu3PGuI/hqdefault.jpg,PT1M37S,892661,34000,2459,public,UCnC8SAZzQiBGYVSKZ_S3y4Q,Nikhil Kamath,"""WTF is"" is a podcast series where entrepreneur and Investor Nikhil Kamath hosts friends and industry experts and holds casual yet intellectually stimulating conversations. The podcast covers a broad range of topics of particular current relevance, including technology, social media, renewable energy, electric vehicles, philosophy, gaming, psychology and more.",IN,https://yt3.ggpht.com/XGYri31DcKi98pan5DYErwHPuPSQbUX97DpRzp-652rpXvrXuokR_YJrSdm6LJJORJkTvL7kBF0=s88-c-k-c0x00ffffff-no-rj,1950000,1121
OrFqfAnv-IA,Magic Of South Indian Architecture,"#NikhilKamath Co-founder of Zerodha and Gruhas 
Host of 'WTF is' & 'People By WTF' Podcast 
Twitter: https://x.com/nikhilkamathcio/  
Instagram:  https://www.instagram.com/nikhilkamathcio/
LinkedIn: https://www.linkedin.com/in/nikhilkamathcio?utm_source=share&utm_campaign=share_via&utm_content=profile&utm_medium=ios_app
Facebook: https://www.facebook.com/nikhilkamathcio/

#WTFiswithnikhilkamath  #PeopleByWTF",2025-11-29T10:45:03Z,"nikhil kamath,nikhil kamath podcast,zerodha co founder,wtf is with nikhil kamath,startup podcasts,business podcasts in india,zerodha,peoplebywtf,entrepreneurship,indian entrepreneurship,startup ecosystem,Bengaluru,podcasts,indian podcasts,Mumbai,raha kapoor birthday,november 6,raha kapoor,ranbir kapoor daughter,alia ranbir raha",22,en,en-IN,https://i.ytimg.com/vi/OrFqfAnv-IA/default.jpg,https://i.ytimg.com/vi/OrFqfAnv-IA/hqdefault.jpg,PT35S,239767,6623,66,public,UCnC8SAZzQiBGYVSKZ_S3y4Q,Nikhil Kamath,"""WTF is"" is a podcast series where entrepreneur and Investor Nikhil Kamath hosts friends and industry experts and holds casual yet intellectually stimulating conversations. The podcast covers a broad range of topics of particular current relevance, including technology, social media, renewable energy, electric vehicles, philosophy, gaming, psychology and more.",IN,https://yt3.ggpht.com/XGYri31DcKi98pan5DYErwHPuPSQbUX97DpRzp-652rpXvrXuokR_YJrSdm6LJJORJkTvL7kBF0=s88-c-k-c0x00ffffff-no-rj,1950000,1121
D14iCkdoWtY,Ep. 16 | Elon Musk x Nikhil Kamath,"#NikhilKamath Co-founder of Zerodha and Gruhas 
Host of 'WTF is' & 'People By WTF' Podcast 
Twitter: https://x.com/nikhilkamathcio/  
Instagram:  https://www.instagram.com/nikhilkamathcio/
LinkedIn: https://www.linkedin.com/in/nikhilkamathcio?utm_source=share&utm_campaign=share_via&utm_content=profile&utm_medium=ios_app
Facebook: https://www.facebook.com/nikhilkamathcio/

#WTFiswithnikhilkamath  #PeopleByWTF",2025-11-28T15:26:51Z,"nikhil kamath,nikhil kamath podcast,zerodha co founder,wtf is with nikhil kamath,startup podcasts,business podcasts in india,zerodha,peoplebywtf,entrepreneurship,indian entrepreneurship,startup ecosystem,Bengaluru,podcasts,indian podcasts,Mumbai,raha kapoor birthday,november 6,raha kapoor,ranbir kapoor daughter,alia ranbir raha",22,en,en-IN,https://i.ytimg.com/vi/D14iCkdoWtY/default.jpg,https://i.ytimg.com/vi/D14iCkdoWtY/hqdefault.jpg,PT39S,797387,30677,1768,public,UCnC8SAZzQiBGYVSKZ_S3y4Q,Nikhil Kamath,"""WTF is"" is a podcast series where entrepreneur and Investor Nikhil Kamath hosts friends and industry experts and holds casual yet intellectually stimulating conversations. The podcast covers a broad range of topics of particular current relevance, including technology, social media, renewable energy, electric vehicles, philosophy, gaming, psychology and more.",IN,https://yt3.ggpht.com/XGYri31DcKi98pan5DYErwHPuPSQbUX97DpRzp-652rpXvrXuokR_YJrSdm6LJJORJkTvL7kBF0=s88-c-k-c0x00ffffff-no-rj,1950000,1121
WFcNNVqoynk,WTF?,"a serious conversation with elon 😑


#NikhilKamath Entrepreneur & Investor

Host of 'WTF is' & 'People By WTF' Podcast 
X: https://x.com/nikhilkamathcio/  
Instagram:  https://www.instagram.com/nikhilkamathcio/
LinkedIn: https://www.linkedin.com/in/nikhilkamathcio?utm_source=share&utm_campaign=share_via&utm_content=profile&utm_medium=ios_app
Facebook: https://www.facebook.com/nikhilkamathcio/

#elonmusk 
X - https://x.com/elonmusk

Watch 'WTF is' Podcast on Spotify 
https://tinyurl.com/4nsm4ezn

Watch 'People by WTF' Podcast on Spotify 
https://tinyurl.com/yme92c59

Watch 'WTF Online' on Spotify 
https://tinyurl.com/4tjua4th

#WTFiswithnikhilkamath  #PeopleByWTF #WTFOnline",2025-11-28T14:05:22Z,"nikhil kamath,nikhil kamath podcast,zerodha co founder,wtf is with nikhil kamath,startup podcasts,business podcasts in india,zerodha,peoplebywtf,entrepreneurship,indian entrepreneurship,startup ecosystem,Bengaluru,podcasts,indian podcasts,Mumbai",22,en,en-IN,https://i.ytimg.com/vi/WFcNNVqoynk/default.jpg,https://i.ytimg.com/vi/WFcNNVqoynk/hqdefault.jpg,PT39S,734331,44643,3885,public,UCnC8SAZzQiBGYVSKZ_S3y4Q,Nikhil Kamath,"""WTF is"" is a podcast series where entrepreneur and Investor Nikhil Kamath hosts friends and industry experts and holds casual yet intellectually stimulating conversations. The podcast covers a broad range of topics of particular current relevance, including technology, social media, renewable energy, electric vehicles, philosophy, gaming, psychology and more.",IN,https://yt3.ggpht.com/XGYri31DcKi98pan5DYErwHPuPSQbUX97DpRzp-652rpXvrXuokR_YJrSdm6LJJORJkTvL7kBF0=s88-c-k-c0x00ffffff-no-rj,1950000,1121
DRXsxKLkRB4,Why Cutting Taxes Might Actually Help India,"#NikhilKamath Co-founder of Zerodha and Gruhas 
Host of 'WTF is' & 'People By WTF' Podcast 
Twitter: https://x.com/nikhilkamathcio/  
Instagram:  https://www.instagram.com/nikhilkamathcio/
LinkedIn: https://www.linkedin.com/in/nikhilkamathcio?utm_source=share&utm_campaign=share_via&utm_content=profile&utm_medium=ios_app
Facebook: https://www.facebook.com/nikhilkamathcio/

#WTFiswithnikhilkamath  #PeopleByWTF",2025-11-27T15:31:40Z,"nikhil kamath,nikhil kamath podcast,zerodha co founder,wtf is with nikhil kamath,startup podcasts,business podcasts in india,zerodha,peoplebywtf,entrepreneurship,indian entrepreneurship,startup ecosystem,Bengaluru,podcasts,indian podcasts,Mumbai,raha kapoor birthday,november 6,raha kapoor,ranbir kapoor daughter,alia ranbir raha",22,en,en-IN,https://i.ytimg.com/vi/DRXsxKLkRB4/default.jpg,https://i.ytimg.com/vi/DRXsxKLkRB4/hqdefault.jpg,PT32S,219371,4159,51,public,UCnC8SAZzQiBGYVSKZ_S3y4Q,Nikhil Kamath,"""WTF is"" is a podcast series where entrepreneur and Investor Nikhil Kamath hosts friends and industry experts and holds casual yet intellectually stimulating conversations. The podcast covers a broad range of topics of particular current relevance, including technology, social media, renewable energy, electric vehicles, philosophy, gaming, psychology and more.",IN,https://yt3.ggpht.com/XGYri31DcKi98pan5DYErwHPuPSQbUX97DpRzp-652rpXvrXuokR_YJrSdm6LJJORJkTvL7kBF0=s88-c-k-c0x00ffffff-no-rj,1950000,1121
brjMQgKMJr0,Google’s Way Of Working,"#NikhilKamath Co-founder of Zerodha and Gruhas 
Host of 'WTF is' & 'People By WTF' Podcast 
Twitter: https://x.com/nikhilkamathcio/  
Instagram:  https://www.instagram.com/nikhilkamathcio/
LinkedIn: https://www.linkedin.com/in/nikhilkamathcio?utm_source=share&utm_campaign=share_via&utm_content=profile&utm_medium=ios_app
Facebook: https://www.facebook.com/nikhilkamathcio/

#WTFiswithnikhilkamath  #PeopleByWTF",2025-11-27T15:04:30Z,"nikhil kamath,nikhil kamath podcast,zerodha co founder,wtf is with nikhil kamath,startup podcasts,business podcasts in india,zerodha,peoplebywtf,entrepreneurship,indian entrepreneurship,startup ecosystem,Bengaluru,podcasts,indian podcasts,Mumbai,wtf podcast",22,en,en-IN,https://i.ytimg.com/vi/brjMQgKMJr0/default.jpg,https://i.ytimg.com/vi/brjMQgKMJr0/hqdefault.jpg,PT29S,127819,2254,14,public,UCnC8SAZzQiBGYVSKZ_S3y4Q,Nikhil Kamath,"""WTF is"" is a podcast series where entrepreneur and Investor Nikhil Kamath hosts friends and industry experts and holds casual yet intellectually stimulating conversations. The podcast covers a broad range of topics of particular current relevance, including technology, social media, renewable energy, electric vehicles, philosophy, gaming, psychology and more.",IN,https://yt3.ggpht.com/XGYri31DcKi98pan5DYErwHPuPSQbUX97DpRzp-652rpXvrXuokR_YJrSdm6LJJORJkTvL7kBF0=s88-c-k-c0x00ffffff-no-rj,1950000,1121
C4wJAAqb8F4,A. R. Rahman's Favourite Car,"#NikhilKamath Co-founder of Zerodha and Gruhas 
Host of 'WTF is' & 'People By WTF' Podcast 
Twitter: https://x.com/nikhilkamathcio/  
Instagram:  https://www.instagram.com/nikhilkamathcio/
LinkedIn: https://www.linkedin.com/in/nikhilkamathcio?utm_source=share&utm_campaign=share_via&utm_content=profile&utm_medium=ios_app
Facebook: https://www.facebook.com/nikhilkamathcio/

#WTFiswithnikhilkamath  #PeopleByWTF",2025-11-27T15:00:04Z,"nikhil kamath,nikhil kamath podcast,zerodha co founder,wtf is with nikhil kamath,startup podcasts,business podcasts in india,zerodha,peoplebywtf,entrepreneurship,indian entrepreneurship,startup ecosystem,Bengaluru,podcasts,indian podcasts,Mumbai,raha kapoor birthday,november 6,raha kapoor,ranbir kapoor daughter,alia ranbir raha",22,en,en-IN,https://i.ytimg.com/vi/C4wJAAqb8F4/default.jpg,https://i.ytimg.com/vi/C4wJAAqb8F4/hqdefault.jpg,PT31S,875696,20392,88,public,UCnC8SAZzQiBGYVSKZ_S3y4Q,Nikhil Kamath,"""WTF is"" is a podcast series where entrepreneur and Investor Nikhil Kamath hosts friends and industry experts and holds casual yet intellectually stimulating conversations. The podcast covers a broad range of topics of particular current relevance, including technology, social media, renewable energy, electric vehicles, philosophy, gaming, psychology and more.",IN,https://yt3.ggpht.com/XGYri31DcKi98pan5DYErwHPuPSQbUX97DpRzp-652rpXvrXuokR_YJrSdm6LJJORJkTvL7kBF0=s88-c-k-c0x00ffffff-no-rj,1950000,1121
Z77FNdpvWm8,Vinod Khosla On Elon Musk,"#NikhilKamath Co-founder of Zerodha and Gruhas 
Host of 'WTF is' & 'People By WTF' Podcast 
Twitter: https://x.com/nikhilkamathcio/  
Instagram:  https://www.instagram.com/nikhilkamathcio/
LinkedIn: https://www.linkedin.com/in/nikhilkamathcio?utm_source=share&utm_campaign=share_via&utm_content=profile&utm_medium=ios_app
Facebook: https://www.facebook.com/nikhilkamathcio/

#WTFiswithnikhilkamath  #PeopleByWTF",2025-11-27T14:56:57Z,"nikhil kamath,nikhil kamath podcast,zerodha co founder,wtf is with nikhil kamath,startup podcasts,business podcasts in india,zerodha,peoplebywtf,entrepreneurship,indian entrepreneurship,startup ecosystem,Bengaluru,podcasts,indian podcasts,Mumbai,raha kapoor birthday,november 6,raha kapoor,ranbir kapoor daughter,alia ranbir raha",22,en,en-IN,https://i.ytimg.com/vi/Z77FNdpvWm8/default.jpg,https://i.ytimg.com/vi/Z77FNdpvWm8/hqdefault.jpg,PT45S,79521,1838,14,public,UCnC8SAZzQiBGYVSKZ_S3y4Q,Nikhil Kamath,"""WTF is"" is a podcast series where entrepreneur and Investor Nikhil Kamath hosts friends and industry experts and holds casual yet intellectually stimulating conversations. The podcast covers a broad range of topics of particular current relevance, including technology, social media, renewable energy, electric vehicles, philosophy, gaming, psychology and more.",IN,https://yt3.ggpht.com/XGYri31DcKi98pan5DYErwHPuPSQbUX97DpRzp-652rpXvrXuokR_YJrSdm6LJJORJkTvL7kBF0=s88-c-k-c0x00ffffff-no-rj,1950000,1121
41G4dtxVruY,AR Rahman Invites Nikhil Kamath To His Studio,"#NikhilKamath Co-founder of Zerodha and Gruhas 
Host of 'WTF is' & 'People By WTF' Podcast 
Twitter: https://x.com/nikhilkamathcio/  
Instagram:  https://www.instagram.com/nikhilkamathcio/
LinkedIn: https://www.linkedin.com/in/nikhilkamathcio?utm_source=share&utm_campaign=share_via&utm_content=profile&utm_medium=ios_app
Facebook: https://www.facebook.com/nikhilkamathcio/

#WTFiswithnikhilkamath  #PeopleByWTF",2025-11-26T16:56:39Z,"nikhil kamath,nikhil kamath podcast,zerodha co founder,wtf is with nikhil kamath,startup podcasts,business podcasts in india,zerodha,peoplebywtf,entrepreneurship,indian entrepreneurship,startup ecosystem,Bengaluru,podcasts,indian podcasts,Mumbai,raha kapoor birthday,november 6,raha kapoor,ranbir kapoor daughter,alia ranbir raha",22,en,en-IN,https://i.ytimg.com/vi/41G4dtxVruY/default.jpg,https://i.ytimg.com/vi/41G4dtxVruY/hqdefault.jpg,PT22S,2527062,59835,187,public,UCnC8SAZzQiBGYVSKZ_S3y4Q,Nikhil Kamath,"""WTF is"" is a podcast series where entrepreneur and Investor Nikhil Kamath hosts friends and industry experts and holds casual yet intellectually stimulating conversations. The podcast covers a broad range of topics of particular current relevance, including technology, social media, renewable energy, electric vehicles, philosophy, gaming, psychology and more.",IN,https://yt3.ggpht.com/XGYri31DcKi98pan5DYErwHPuPSQbUX97DpRzp-652rpXvrXuokR_YJrSdm6LJJORJkTvL7kBF0=s88-c-k-c0x00ffffff-no-rj,1950000,1121
QSl6a3fPT1k,Should India Build A Special NRI City?,"#NikhilKamath Co-founder of Zerodha and Gruhas 
Host of 'WTF is' & 'People By WTF' Podcast 
Twitter: https://x.com/nikhilkamathcio/  
Instagram:  https://www.instagram.com/nikhilkamathcio/
LinkedIn: https://www.linkedin.com/in/nikhilkamathcio?utm_source=share&utm_campaign=share_via&utm_content=profile&utm_medium=ios_app
Facebook: https://www.facebook.com/nikhilkamathcio/

#WTFiswithnikhilkamath  #PeopleByWTF",2025-11-26T15:38:53Z,"nikhil kamath,nikhil kamath podcast,zerodha co founder,wtf is with nikhil kamath,startup podcasts,business podcasts in india,zerodha,peoplebywtf,entrepreneurship,indian entrepreneurship,startup ecosystem,Bengaluru,podcasts,indian podcasts,Mumbai,raha kapoor birthday,november 6,raha kapoor,ranbir kapoor daughter,alia ranbir raha",22,en,en-IN,https://i.ytimg.com/vi/QSl6a3fPT1k/default.jpg,https://i.ytimg.com/vi/QSl6a3fPT1k/hqdefault.jpg,PT25S,248716,3503,94,public,UCnC8SAZzQiBGYVSKZ_S3y4Q,Nikhil Kamath,"""WTF is"" is a podcast series where entrepreneur and Investor Nikhil Kamath hosts friends and industry experts and holds casual yet intellectually stimulating conversations. The podcast covers a broad range of topics of particular current relevance, including technology, social media, renewable energy, electric vehicles, philosophy, gaming, psychology and more.",IN,https://yt3.ggpht.com/XGYri31DcKi98pan5DYErwHPuPSQbUX97DpRzp-652rpXvrXuokR_YJrSdm6LJJORJkTvL7kBF0=s88-c-k-c0x00ffffff-no-rj,1950000,1121
a19F6-f96SE,Harsh Reality Of Music Money In India,"#NikhilKamath Co-founder of Zerodha and Gruhas 
Host of 'WTF is' & 'People By WTF' Podcast 
Twitter: https://x.com/nikhilkamathcio/  
Instagram:  https://www.instagram.com/nikhilkamathcio/
LinkedIn: https://www.linkedin.com/in/nikhilkamathcio?utm_source=share&utm_campaign=share_via&utm_content=profile&utm_medium=ios_app
Facebook: https://www.facebook.com/nikhilkamathcio/

#WTFiswithnikhilkamath  #PeopleByWTF",2025-11-26T14:56:56Z,"nikhil kamath,nikhil kamath podcast,zerodha co founder,wtf is with nikhil kamath,startup podcasts,business podcasts in india,zerodha,peoplebywtf,entrepreneurship,indian entrepreneurship,startup ecosystem,Bengaluru,podcasts,indian podcasts,Mumbai,raha kapoor birthday,november 6,raha kapoor,ranbir kapoor daughter,alia ranbir raha",22,en,en-IN,https://i.ytimg.com/vi/a19F6-f96SE/default.jpg,https://i.ytimg.com/vi/a19F6-f96SE/hqdefault.jpg,PT37S,60390,1206,13,public,UCnC8SAZzQiBGYVSKZ_S3y4Q,Nikhil Kamath,"""WTF is"" is a podcast series where entrepreneur and Investor Nikhil Kamath hosts friends and industry experts and holds casual yet intellectually stimulating conversations. The podcast covers a broad range of topics of particular current relevance, including technology, social media, renewable energy, electric vehicles, philosophy, gaming, psychology and more.",IN,https://yt3.ggpht.com/XGYri31DcKi98pan5DYErwHPuPSQbUX97DpRzp-652rpXvrXuokR_YJrSdm6LJJORJkTvL7kBF0=s88-c-k-c0x00ffffff-no-rj,1950000,1121
n7ElHhq3qns,Biggest Fear Is Becoming Irrelevant,"#NikhilKamath Co-founder of Zerodha and Gruhas 
Host of 'WTF is' & 'People By WTF' Podcast 
Twitter: https://x.com/nikhilkamathcio/  
Instagram:  https://www.instagram.com/nikhilkamathcio/
LinkedIn: https://www.linkedin.com/in/nikhilkamathcio?utm_source=share&utm_campaign=share_via&utm_content=profile&utm_medium=ios_app
Facebook: https://www.facebook.com/nikhilkamathcio/

#WTFiswithnikhilkamath  #PeopleByWTF",2025-11-26T14:49:39Z,"nikhil kamath,nikhil kamath podcast,zerodha co founder,wtf is with nikhil kamath,startup podcasts,business podcasts in india,zerodha,peoplebywtf,entrepreneurship,indian entrepreneurship,startup ecosystem,Bengaluru,podcasts,indian podcasts,Mumbai,raha kapoor birthday,november 6,raha kapoor,ranbir kapoor daughter,alia ranbir raha",22,en,en-IN,https://i.ytimg.com/vi/n7ElHhq3qns/default.jpg,https://i.ytimg.com/vi/n7ElHhq3qns/hqdefault.jpg,PT35S,95437,1230,5,public,UCnC8SAZzQiBGYVSKZ_S3y4Q,Nikhil Kamath,"""WTF is"" is a podcast series where entrepreneur and Investor Nikhil Kamath hosts friends and industry experts and holds casual yet intellectually stimulating conversations. The podcast covers a broad range of topics of particular current relevance, including technology, social media, renewable energy, electric vehicles, philosophy, gaming, psychology and more.",IN,https://yt3.ggpht.com/XGYri31DcKi98pan5DYErwHPuPSQbUX97DpRzp-652rpXvrXuokR_YJrSdm6LJJORJkTvL7kBF0=s88-c-k-c0x00ffffff-no-rj,1950000,1121
hElt04HL50Y,Why People Take Themselves Too Seriously,"#NikhilKamath Co-founder of Zerodha and Gruhas 
Host of 'WTF is' & 'People By WTF' Podcast 
Twitter: https://x.com/nikhilkamathcio/  
Instagram:  https://www.instagram.com/nikhilkamathcio/
LinkedIn: https://www.linkedin.com/in/nikhilkamathcio?utm_source=share&utm_campaign=share_via&utm_content=profile&utm_medium=ios_app
Facebook: https://www.facebook.com/nikhilkamathcio/

#WTFiswithnikhilkamath  #PeopleByWTF",2025-11-26T14:46:07Z,"nikhil kamath,nikhil kamath podcast,zerodha co founder,wtf is with nikhil kamath,startup podcasts,business podcasts in india,zerodha,peoplebywtf,entrepreneurship,indian entrepreneurship,startup ecosystem,Bengaluru,podcasts,indian podcasts,Mumbai,raha kapoor birthday,november 6,raha kapoor,ranbir kapoor daughter,alia ranbir raha",22,en,en-IN,https://i.ytimg.com/vi/hElt04HL50Y/default.jpg,https://i.ytimg.com/vi/hElt04HL50Y/hqdefault.jpg,PT12S,603589,12625,94,public,UCnC8SAZzQiBGYVSKZ_S3y4Q,Nikhil Kamath,"""WTF is"" is a podcast series where entrepreneur and Investor Nikhil Kamath hosts friends and industry experts and holds casual yet intellectually stimulating conversations. The podcast covers a broad range of topics of particular current relevance, including technology, social media, renewable energy, electric vehicles, philosophy, gaming, psychology and more.",IN,https://yt3.ggpht.com/XGYri31DcKi98pan5DYErwHPuPSQbUX97DpRzp-652rpXvrXuokR_YJrSdm6LJJORJkTvL7kBF0=s88-c-k-c0x00ffffff-no-rj,1950000,1121
JP2N_1hOi1I,What Makes People Successful,"#NikhilKamath Co-founder of Zerodha and Gruhas 
Host of 'WTF is' & 'People By WTF' Podcast 
Twitter: https://x.com/nikhilkamathcio/  
Instagram:  https://www.instagram.com/nikhilkamathcio/
LinkedIn: https://www.linkedin.com/in/nikhilkamathcio?utm_source=share&utm_campaign=share_via&utm_content=profile&utm_medium=ios_app
Facebook: https://www.facebook.com/nikhilkamathcio/

#WTFiswithnikhilkamath  #PeopleByWTF",2025-11-25T13:47:36Z,"nikhil kamath,nikhil kamath podcast,zerodha co founder,wtf is with nikhil kamath,startup podcasts,business podcasts in india,zerodha,peoplebywtf,entrepreneurship,indian entrepreneurship,startup ecosystem,Bengaluru,podcasts,indian podcasts,Mumbai,raha kapoor birthday,november 6,raha kapoor,ranbir kapoor daughter,alia ranbir raha",22,en,en-IN,https://i.ytimg.com/vi/JP2N_1hOi1I/default.jpg,https://i.ytimg.com/vi/JP2N_1hOi1I/hqdefault.jpg,PT26S,181667,3614,47,public,UCnC8SAZzQiBGYVSKZ_S3y4Q,Nikhil Kamath,"""WTF is"" is a podcast series where entrepreneur and Investor Nikhil Kamath hosts friends and industry experts and holds casual yet intellectually stimulating conversations. The podcast covers a broad range of topics of particular current relevance, including technology, social media, renewable energy, electric vehicles, philosophy, gaming, psychology and more.",IN,https://yt3.ggpht.com/XGYri31DcKi98pan5DYErwHPuPSQbUX97DpRzp-652rpXvrXuokR_YJrSdm6LJJORJkTvL7kBF0=s88-c-k-c0x00ffffff-no-rj,1950000,1121
gWd4vH0S-Zw,Why Property In India Keeps Growing,"#NikhilKamath Co-founder of Zerodha and Gruhas 
Host of 'WTF is' & 'People By WTF' Podcast 
Twitter: https://x.com/nikhilkamathcio/  
Instagram:  https://www.instagram.com/nikhilkamathcio/
LinkedIn: https://www.linkedin.com/in/nikhilkamathcio?utm_source=share&utm_campaign=share_via&utm_content=profile&utm_medium=ios_app
Facebook: https://www.facebook.com/nikhilkamathcio/

#WTFiswithnikhilkamath  #PeopleByWTF",2025-11-25T13:41:29Z,"nikhil kamath,nikhil kamath podcast,zerodha co founder,wtf is with nikhil kamath,startup podcasts,business podcasts in india,zerodha,peoplebywtf,entrepreneurship,indian entrepreneurship,startup ecosystem,Bengaluru,podcasts,indian podcasts,Mumbai,raha kapoor birthday,november 6,raha kapoor,ranbir kapoor daughter,alia ranbir raha",22,en,en-IN,https://i.ytimg.com/vi/gWd4vH0S-Zw/default.jpg,https://i.ytimg.com/vi/gWd4vH0S-Zw/hqdefault.jpg,PT32S,146415,2438,25,public,UCnC8SAZzQiBGYVSKZ_S3y4Q,Nikhil Kamath,"""WTF is"" is a podcast series where entrepreneur and Investor Nikhil Kamath hosts friends and industry experts and holds casual yet intellectually stimulating conversations. The podcast covers a broad range of topics of particular current relevance, including technology, social media, renewable energy, electric vehicles, philosophy, gaming, psychology and more.",IN,https://yt3.ggpht.com/XGYri31DcKi98pan5DYErwHPuPSQbUX97DpRzp-652rpXvrXuokR_YJrSdm6LJJORJkTvL7kBF0=s88-c-k-c0x00ffffff-no-rj,1950000,1121
cUeX-BJFs8E,Every Other Love Is Tested,"#NikhilKamath Co-founder of Zerodha and Gruhas 
Host of 'WTF is' & 'People By WTF' Podcast 
Twitter: https://x.com/nikhilkamathcio/  
Instagram:  https://www.instagram.com/nikhilkamathcio/
LinkedIn: https://www.linkedin.com/in/nikhilkamathcio?utm_source=share&utm_campaign=share_via&utm_content=profile&utm_medium=ios_app
Facebook: https://www.facebook.com/nikhilkamathcio/

#WTFiswithnikhilkamath  #PeopleByWTF",2025-11-25T13:36:25Z,"nikhil kamath,nikhil kamath podcast,zerodha co founder,wtf is with nikhil kamath,startup podcasts,business podcasts in india,zerodha,peoplebywtf,entrepreneurship,indian entrepreneurship,startup ecosystem,Bengaluru,podcasts,indian podcasts,Mumbai,raha kapoor birthday,november 6,raha kapoor,ranbir kapoor daughter,alia ranbir raha",22,en,en-IN,https://i.ytimg.com/vi/cUeX-BJFs8E/default.jpg,https://i.ytimg.com/vi/cUeX-BJFs8E/hqdefault.jpg,PT30S,1306265,26772,163,public,UCnC8SAZzQiBGYVSKZ_S3y4Q,Nikhil Kamath,"""WTF is"" is a podcast series where entrepreneur and Investor Nikhil Kamath hosts friends and industry experts and holds casual yet intellectually stimulating conversations. The podcast covers a broad range of topics of particular current relevance, including technology, social media, renewable energy, electric vehicles, philosophy, gaming, psychology and more.",IN,https://yt3.ggpht.com/XGYri31DcKi98pan5DYErwHPuPSQbUX97DpRzp-652rpXvrXuokR_YJrSdm6LJJORJkTvL7kBF0=s88-c-k-c0x00ffffff-no-rj,1950000,1121
lhrYt2kzxqE,Sam’s Advice For 25-Year-Old Indians,"#NikhilKamath Co-founder of Zerodha and Gruhas 
Host of 'WTF is' & 'People By WTF' Podcast 
Twitter: https://x.com/nikhilkamathcio/  
Instagram:  https://www.instagram.com/nikhilkamathcio/
LinkedIn: https://www.linkedin.com/in/nikhilkamathcio?utm_source=share&utm_campaign=share_via&utm_content=profile&utm_medium=ios_app
Facebook: https://www.facebook.com/nikhilkamathcio/

#WTFiswithnikhilkamath  #PeopleByWTF",2025-11-24T14:56:04Z,"nikhil kamath,nikhil kamath podcast,zerodha co founder,wtf is with nikhil kamath,startup podcasts,business podcasts in india,zerodha,peoplebywtf,entrepreneurship,indian entrepreneurship,startup ecosystem,Bengaluru,podcasts,indian podcasts,Mumbai,raha kapoor birthday,november 6,raha kapoor,ranbir kapoor daughter,alia ranbir raha",22,en,en-IN,https://i.ytimg.com/vi/lhrYt2kzxqE/default.jpg,https://i.ytimg.com/vi/lhrYt2kzxqE/hqdefault.jpg,PT24S,165832,3620,31,public,UCnC8SAZzQiBGYVSKZ_S3y4Q,Nikhil Kamath,"""WTF is"" is a podcast series where entrepreneur and Investor Nikhil Kamath hosts friends and industry experts and holds casual yet intellectually stimulating conversations. The podcast covers a broad range of topics of particular current relevance, including technology, social media, renewable energy, electric vehicles, philosophy, gaming, psychology and more.",IN,https://yt3.ggpht.com/XGYri31DcKi98pan5DYErwHPuPSQbUX97DpRzp-652rpXvrXuokR_YJrSdm6LJJORJkTvL7kBF0=s88-c-k-c0x00ffffff-no-rj,1950000,1121
TcFsUDN96XE,Future Of The Movie Theatre Business,"#NikhilKamath Co-founder of Zerodha and Gruhas 
Host of 'WTF is' & 'People By WTF' Podcast 
Twitter: https://x.com/nikhilkamathcio/  
Instagram:  https://www.instagram.com/nikhilkamathcio/
LinkedIn: https://www.linkedin.com/in/nikhilkamathcio?utm_source=share&utm_campaign=share_via&utm_content=profile&utm_medium=ios_app
Facebook: https://www.facebook.com/nikhilkamathcio/

#WTFiswithnikhilkamath  #PeopleByWTF",2025-11-24T14:50:25Z,"nikhil kamath,nikhil kamath podcast,zerodha co founder,wtf is with nikhil kamath,startup podcasts,business podcasts in india,zerodha,peoplebywtf,entrepreneurship,indian entrepreneurship,startup ecosystem,Bengaluru,podcasts,indian podcasts,Mumbai,wtf podcast",22,en,en-IN,https://i.ytimg.com/vi/TcFsUDN96XE/default.jpg,https://i.ytimg.com/vi/TcFsUDN96XE/hqdefault.jpg,PT39S,584470,16038,105,public,UCnC8SAZzQiBGYVSKZ_S3y4Q,Nikhil Kamath,"""WTF is"" is a podcast series where entrepreneur and Investor Nikhil Kamath hosts friends and industry experts and holds casual yet intellectually stimulating conversations. The podcast covers a broad range of topics of particular current relevance, including technology, social media, renewable energy, electric vehicles, philosophy, gaming, psychology and more.",IN,https://yt3.ggpht.com/XGYri31DcKi98pan5DYErwHPuPSQbUX97DpRzp-652rpXvrXuokR_YJrSdm6LJJORJkTvL7kBF0=s88-c-k-c0x00ffffff-no-rj,1950000,1121
bCqSDduDPhY,Meeting Sam Altman And Aravind Srinivas,"#NikhilKamath Co-founder of Zerodha and Gruhas 
Host of 'WTF is' & 'People By WTF' Podcast 
Twitter: https://x.com/nikhilkamathcio/  
Instagram:  https://www.instagram.com/nikhilkamathcio/
LinkedIn: https://www.linkedin.com/in/nikhilkamathcio?utm_source=share&utm_campaign=share_via&utm_content=profile&utm_medium=ios_app
Facebook: https://www.facebook.com/nikhilkamathcio/

#WTFiswithnikhilkamath  #PeopleByWTF",2025-11-24T14:46:42Z,"nikhil kamath,nikhil kamath podcast,zerodha co founder,wtf is with nikhil kamath,startup podcasts,business podcasts in india,zerodha,peoplebywtf,entrepreneurship,indian entrepreneurship,startup ecosystem,Bengaluru,podcasts,indian podcasts,Mumbai,raha kapoor birthday,november 6,raha kapoor,ranbir kapoor daughter,alia ranbir raha",22,en,en-IN,https://i.ytimg.com/vi/bCqSDduDPhY/default.jpg,https://i.ytimg.com/vi/bCqSDduDPhY/hqdefault.jpg,PT45S,1011350,26917,200,public,UCnC8SAZzQiBGYVSKZ_S3y4Q,Nikhil Kamath,"""WTF is"" is a podcast series where entrepreneur and Investor Nikhil Kamath hosts friends and industry experts and holds casual yet intellectually stimulating conversations. The podcast covers a broad range of topics of particular current relevance, including technology, social media, renewable energy, electric vehicles, philosophy, gaming, psychology and more.",IN,https://yt3.ggpht.com/XGYri31DcKi98pan5DYErwHPuPSQbUX97DpRzp-652rpXvrXuokR_YJrSdm6LJJORJkTvL7kBF0=s88-c-k-c0x00ffffff-no-rj,1950000,1121
jqftydYi9wM,Not Every Opinion Deserves A Reaction,"#NikhilKamath Co-founder of Zerodha and Gruhas 
Host of 'WTF is' & 'People By WTF' Podcast 
Twitter: https://x.com/nikhilkamathcio/  
Instagram:  https://www.instagram.com/nikhilkamathcio/
LinkedIn: https://www.linkedin.com/in/nikhilkamathcio?utm_source=share&utm_campaign=share_via&utm_content=profile&utm_medium=ios_app
Facebook: https://www.facebook.com/nikhilkamathcio/

#WTFiswithnikhilkamath  #PeopleByWTF",2025-11-23T15:51:19Z,"nikhil kamath,nikhil kamath podcast,zerodha co founder,wtf is with nikhil kamath,startup podcasts,business podcasts in india,zerodha,peoplebywtf,entrepreneurship,indian entrepreneurship,startup ecosystem,Bengaluru,podcasts,indian podcasts,Mumbai,wtf podcast",22,en,en-IN,https://i.ytimg.com/vi/jqftydYi9wM/default.jpg,https://i.ytimg.com/vi/jqftydYi9wM/hqdefault.jpg,PT19S,116047,2800,23,public,UCnC8SAZzQiBGYVSKZ_S3y4Q,Nikhil Kamath,"""WTF is"" is a podcast series where entrepreneur and Investor Nikhil Kamath hosts friends and industry experts and holds casual yet intellectually stimulating conversations. The podcast covers a broad range of topics of particular current relevance, including technology, social media, renewable energy, electric vehicles, philosophy, gaming, psychology and more.",IN,https://yt3.ggpht.com/XGYri31DcKi98pan5DYErwHPuPSQbUX97DpRzp-652rpXvrXuokR_YJrSdm6LJJORJkTvL7kBF0=s88-c-k-c0x00ffffff-no-rj,1950000,1121
6d_zz9M0368,What Does A Typical Day Look Like?,"#NikhilKamath Co-founder of Zerodha and Gruhas 
Host of 'WTF is' & 'People By WTF' Podcast 
Twitter: https://x.com/nikhilkamathcio/  
Instagram:  https://www.instagram.com/nikhilkamathcio/
LinkedIn: https://www.linkedin.com/in/nikhilkamathcio?utm_source=share&utm_campaign=share_via&utm_content=profile&utm_medium=ios_app
Facebook: https://www.facebook.com/nikhilkamathcio/

#WTFiswithnikhilkamath  #PeopleByWTF",2025-11-23T15:49:20Z,"nikhil kamath,nikhil kamath podcast,zerodha co founder,wtf is with nikhil kamath,startup podcasts,business podcasts in india,zerodha,peoplebywtf,entrepreneurship,indian entrepreneurship,startup ecosystem,Bengaluru,podcasts,indian podcasts,Mumbai,raha kapoor birthday,november 6,raha kapoor,ranbir kapoor daughter,alia ranbir raha",22,en,en-IN,https://i.ytimg.com/vi/6d_zz9M0368/default.jpg,https://i.ytimg.com/vi/6d_zz9M0368/hqdefault.jpg,PT32S,266137,4931,14,public,UCnC8SAZzQiBGYVSKZ_S3y4Q,Nikhil Kamath,"""WTF is"" is a podcast series where entrepreneur and Investor Nikhil Kamath hosts friends and industry experts and holds casual yet intellectually stimulating conversations. The podcast covers a broad range of topics of particular current relevance, including technology, social media, renewable energy, electric vehicles, philosophy, gaming, psychology and more.",IN,https://yt3.ggpht.com/XGYri31DcKi98pan5DYErwHPuPSQbUX97DpRzp-652rpXvrXuokR_YJrSdm6LJJORJkTvL7kBF0=s88-c-k-c0x00ffffff-no-rj,1950000,1121
SADL8rYKbao,Spotify Vs YouTube: Who Wins Music In India?,"#NikhilKamath Co-founder of Zerodha and Gruhas 
Host of 'WTF is' & 'People By WTF' Podcast 
Twitter: https://x.com/nikhilkamathcio/  
Instagram:  https://www.instagram.com/nikhilkamathcio/
LinkedIn: https://www.linkedin.com/in/nikhilkamathcio?utm_source=share&utm_campaign=share_via&utm_content=profile&utm_medium=ios_app
Facebook: https://www.facebook.com/nikhilkamathcio/

#WTFiswithnikhilkamath  #PeopleByWTF",2025-11-23T15:41:31Z,"nikhil kamath,nikhil kamath podcast,zerodha co founder,wtf is with nikhil kamath,startup podcasts,business podcasts in india,zerodha,peoplebywtf,entrepreneurship,indian entrepreneurship,startup ecosystem,Bengaluru,podcasts,indian podcasts,Mumbai,raha kapoor birthday,november 6,raha kapoor,ranbir kapoor daughter,alia ranbir raha",22,en,en-IN,https://i.ytimg.com/vi/SADL8rYKbao/default.jpg,https://i.ytimg.com/vi/SADL8rYKbao/hqdefault.jpg,PT40S,141516,3298,34,public,UCnC8SAZzQiBGYVSKZ_S3y4Q,Nikhil Kamath,"""WTF is"" is a podcast series where entrepreneur and Investor Nikhil Kamath hosts friends and industry experts and holds casual yet intellectually stimulating conversations. The podcast covers a broad range of topics of particular current relevance, including technology, social media, renewable energy, electric vehicles, philosophy, gaming, psychology and more.",IN,https://yt3.ggpht.com/XGYri31DcKi98pan5DYErwHPuPSQbUX97DpRzp-652rpXvrXuokR_YJrSdm6LJJORJkTvL7kBF0=s88-c-k-c0x00ffffff-no-rj,1950000,1121
x4F8ZrOMO0Q,Delhi Vs Bangalore | People by WTF | Ep 15,"#NikhilKamath Co-founder of Zerodha and Gruhas 
Host of 'WTF is' & 'People By WTF' Podcast 
Twitter: https://x.com/nikhilkamathcio/  
Instagram:  https://www.instagram.com/nikhilkamathcio/
LinkedIn: https://www.linkedin.com/in/nikhilkamathcio?utm_source=share&utm_campaign=share_via&utm_content=profile&utm_medium=ios_app
Facebook: https://www.facebook.com/nikhilkamathcio/

#WTFiswithnikhilkamath  #PeopleByWTF",2025-11-21T13:26:50Z,"nikhil kamath,nikhil kamath podcast,zerodha co founder,wtf is with nikhil kamath,startup podcasts,business podcasts in india,zerodha,peoplebywtf,entrepreneurship,indian entrepreneurship,startup ecosystem,Bengaluru,podcasts,indian podcasts,Mumbai,raha kapoor birthday,november 6,raha kapoor,ranbir kapoor daughter,alia ranbir raha",22,en,en-IN,https://i.ytimg.com/vi/x4F8ZrOMO0Q/default.jpg,https://i.ytimg.com/vi/x4F8ZrOMO0Q/hqdefault.jpg,PT34S,422502,8956,170,public,UCnC8SAZzQiBGYVSKZ_S3y4Q,Nikhil Kamath,"""WTF is"" is a podcast series where entrepreneur and Investor Nikhil Kamath hosts friends and industry experts and holds casual yet intellectually stimulating conversations. The podcast covers a broad range of topics of particular current relevance, including technology, social media, renewable energy, electric vehicles, philosophy, gaming, psychology and more.",IN,https://yt3.ggpht.com/XGYri31DcKi98pan5DYErwHPuPSQbUX97DpRzp-652rpXvrXuokR_YJrSdm6LJJORJkTvL7kBF0=s88-c-k-c0x00ffffff-no-rj,1950000,1121
UDRMS-XQ5dI,What The Oscars Are Like From Inside,"#NikhilKamath Co-founder of Zerodha and Gruhas 
Host of 'WTF is' & 'People By WTF' Podcast 
Twitter: https://x.com/nikhilkamathcio/  
Instagram:  https://www.instagram.com/nikhilkamathcio/
LinkedIn: https://www.linkedin.com/in/nikhilkamathcio?utm_source=share&utm_campaign=share_via&utm_content=profile&utm_medium=ios_app
Facebook: https://www.facebook.com/nikhilkamathcio/

#WTFiswithnikhilkamath  #PeopleByWTF",2025-11-21T05:02:44Z,"nikhil kamath,nikhil kamath podcast,zerodha co founder,wtf is with nikhil kamath,startup podcasts,business podcasts in india,zerodha,peoplebywtf,entrepreneurship,indian entrepreneurship,startup ecosystem,Bengaluru,podcasts,indian podcasts,Mumbai",22,en,en-IN,https://i.ytimg.com/vi/UDRMS-XQ5dI/default.jpg,https://i.ytimg.com/vi/UDRMS-XQ5dI/hqdefault.jpg,PT26S,688287,12823,62,public,UCnC8SAZzQiBGYVSKZ_S3y4Q,Nikhil Kamath,"""WTF is"" is a podcast series where entrepreneur and Investor Nikhil Kamath hosts friends and industry experts and holds casual yet intellectually stimulating conversations. The podcast covers a broad range of topics of particular current relevance, including technology, social media, renewable energy, electric vehicles, philosophy, gaming, psychology and more.",IN,https://yt3.ggpht.com/XGYri31DcKi98pan5DYErwHPuPSQbUX97DpRzp-652rpXvrXuokR_YJrSdm6LJJORJkTvL7kBF0=s88-c-k-c0x00ffffff-no-rj,1950000,1121
jmOUEQyAcZs,The Music Legend: A. R. Rahman,"#NikhilKamath Co-founder of Zerodha and Gruhas 
Host of 'WTF is' & 'People By WTF' Podcast 
Twitter: https://x.com/nikhilkamathcio/  
Instagram:  https://www.instagram.com/nikhilkamathcio/
LinkedIn: https://www.linkedin.com/in/nikhilkamathcio?utm_source=share&utm_campaign=share_via&utm_content=profile&utm_medium=ios_app
Facebook: https://www.facebook.com/nikhilkamathcio/

#WTFiswithnikhilkamath  #PeopleByWTF",2025-11-21T04:36:07Z,"nikhil kamath,nikhil kamath podcast,zerodha co founder,wtf is with nikhil kamath,startup podcasts,business podcasts in india,zerodha,peoplebywtf,entrepreneurship,indian entrepreneurship,startup ecosystem,Bengaluru,podcasts,indian podcasts,Mumbai",22,en,en-IN,https://i.ytimg.com/vi/jmOUEQyAcZs/default.jpg,https://i.ytimg.com/vi/jmOUEQyAcZs/hqdefault.jpg,PT34S,195313,4451,73,public,UCnC8SAZzQiBGYVSKZ_S3y4Q,Nikhil Kamath,"""WTF is"" is a podcast series where entrepreneur and Investor Nikhil Kamath hosts friends and industry experts and holds casual yet intellectually stimulating conversations. The podcast covers a broad range of topics of particular current relevance, including technology, social media, renewable energy, electric vehicles, philosophy, gaming, psychology and more.",IN,https://yt3.ggpht.com/XGYri31DcKi98pan5DYErwHPuPSQbUX97DpRzp-652rpXvrXuokR_YJrSdm6LJJORJkTvL7kBF0=s88-c-k-c0x00ffffff-no-rj,1950000,1121
XYbBu3iIiWQ,Shift To Full-Fledged Manufacturing,"#NikhilKamath Co-founder of Zerodha and Gruhas 
Host of 'WTF is' & 'People By WTF' Podcast 
Twitter: https://x.com/nikhilkamathcio/  
Instagram:  https://www.instagram.com/nikhilkamathcio/
LinkedIn: https://www.linkedin.com/in/nikhilkamathcio?utm_source=share&utm_campaign=share_via&utm_content=profile&utm_medium=ios_app
Facebook: https://www.facebook.com/nikhilkamathcio/

#WTFiswithnikhilkamath  #PeopleByWTF",2025-11-19T14:22:34Z,"nikhil kamath,nikhil kamath podcast,zerodha co founder,wtf is with nikhil kamath,startup podcasts,business podcasts in india,zerodha,peoplebywtf,entrepreneurship,indian entrepreneurship,startup ecosystem,Bengaluru,podcasts,indian podcasts,Mumbai,raha kapoor birthday,november 6,raha kapoor,ranbir kapoor daughter,alia ranbir raha",22,en,en-IN,https://i.ytimg.com/vi/XYbBu3iIiWQ/default.jpg,https://i.ytimg.com/vi/XYbBu3iIiWQ/hqdefault.jpg,PT32S,60643,857,2,public,UCnC8SAZzQiBGYVSKZ_S3y4Q,Nikhil Kamath,"""WTF is"" is a podcast series where entrepreneur and Investor Nikhil Kamath hosts friends and industry experts and holds casual yet intellectually stimulating conversations. The podcast covers a broad range of topics of particular current relevance, including technology, social media, renewable energy, electric vehicles, philosophy, gaming, psychology and more.",IN,https://yt3.ggpht.com/XGYri31DcKi98pan5DYErwHPuPSQbUX97DpRzp-652rpXvrXuokR_YJrSdm6LJJORJkTvL7kBF0=s88-c-k-c0x00ffffff-no-rj,1950000,1121
j_h921WC2QA,How Much Do Consultants Cost?,"#NikhilKamath Co-founder of Zerodha and Gruhas 
Host of 'WTF is' & 'People By WTF' Podcast 
Twitter: https://x.com/nikhilkamathcio/  
Instagram:  https://www.instagram.com/nikhilkamathcio/
LinkedIn: https://www.linkedin.com/in/nikhilkamathcio?utm_source=share&utm_campaign=share_via&utm_content=profile&utm_medium=ios_app
Facebook: https://www.facebook.com/nikhilkamathcio/

#WTFiswithnikhilkamath  #PeopleByWTF",2025-11-18T14:43:37Z,"nikhil kamath,nikhil kamath podcast,zerodha co founder,wtf is with nikhil kamath,startup podcasts,business podcasts in india,zerodha,peoplebywtf,entrepreneurship,indian entrepreneurship,startup ecosystem,Bengaluru,podcasts,indian podcasts,Mumbai,raha kapoor birthday,november 6,raha kapoor,ranbir kapoor daughter,alia ranbir raha",22,en,en-IN,https://i.ytimg.com/vi/j_h921WC2QA/default.jpg,https://i.ytimg.com/vi/j_h921WC2QA/hqdefault.jpg,PT35S,251124,4854,45,public,UCnC8SAZzQiBGYVSKZ_S3y4Q,Nikhil Kamath,"""WTF is"" is a podcast series where entrepreneur and Investor Nikhil Kamath hosts friends and industry experts and holds casual yet intellectually stimulating conversations. The podcast covers a broad range of topics of particular current relevance, including technology, social media, renewable energy, electric vehicles, philosophy, gaming, psychology and more.",IN,https://yt3.ggpht.com/XGYri31DcKi98pan5DYErwHPuPSQbUX97DpRzp-652rpXvrXuokR_YJrSdm6LJJORJkTvL7kBF0=s88-c-k-c0x00ffffff-no-rj,1950000,1121
_qojxvzvnss,Battery Recycling In India,"#NikhilKamath Co-founder of Zerodha and Gruhas 
Host of 'WTF is' & 'People By WTF' Podcast 
Twitter: https://x.com/nikhilkamathcio/  
Instagram:  https://www.instagram.com/nikhilkamathcio/
LinkedIn: https://www.linkedin.com/in/nikhilkamathcio?utm_source=share&utm_campaign=share_via&utm_content=profile&utm_medium=ios_app
Facebook: https://www.facebook.com/nikhilkamathcio/

#WTFiswithnikhilkamath  #PeopleByWTF",2025-11-17T14:57:32Z,"nikhil kamath,nikhil kamath podcast,zerodha co founder,wtf is with nikhil kamath,startup podcasts,business podcasts in india,zerodha,peoplebywtf,entrepreneurship,indian entrepreneurship,startup ecosystem,Bengaluru,podcasts,indian podcasts,Mumbai,raha kapoor birthday,november 6,raha kapoor,ranbir kapoor daughter,alia ranbir raha",22,en,en-IN,https://i.ytimg.com/vi/_qojxvzvnss/default.jpg,https://i.ytimg.com/vi/_qojxvzvnss/hqdefault.jpg,PT36S,184206,4446,22,public,UCnC8SAZzQiBGYVSKZ_S3y4Q,Nikhil Kamath,"""WTF is"" is a podcast series where entrepreneur and Investor Nikhil Kamath hosts friends and industry experts and holds casual yet intellectually stimulating conversations. The podcast covers a broad range of topics of particular current relevance, including technology, social media, renewable energy, electric vehicles, philosophy, gaming, psychology and more.",IN,https://yt3.ggpht.com/XGYri31DcKi98pan5DYErwHPuPSQbUX97DpRzp-652rpXvrXuokR_YJrSdm6LJJORJkTvL7kBF0=s88-c-k-c0x00ffffff-no-rj,1950000,1121
WUC7aDQLvlM,1 Crore Weddings A Year,"#NikhilKamath Co-founder of Zerodha and Gruhas 
Host of 'WTF is' & 'People By WTF' Podcast 
Twitter: https://x.com/nikhilkamathcio/  
Instagram:  https://www.instagram.com/nikhilkamathcio/
LinkedIn: https://www.linkedin.com/in/nikhilkamathcio?utm_source=share&utm_campaign=share_via&utm_content=profile&utm_medium=ios_app
Facebook: https://www.facebook.com/nikhilkamathcio/

#WTFiswithnikhilkamath  #PeopleByWTF",2025-11-16T16:07:23Z,"nikhil kamath,nikhil kamath podcast,zerodha co founder,wtf is with nikhil kamath,startup podcasts,business podcasts in india,zerodha,peoplebywtf,entrepreneurship,indian entrepreneurship,startup ecosystem,Bengaluru,podcasts,indian podcasts,Mumbai",22,en,en-IN,https://i.ytimg.com/vi/WUC7aDQLvlM/default.jpg,https://i.ytimg.com/vi/WUC7aDQLvlM/hqdefault.jpg,PT25S,210757,4034,27,public,UCnC8SAZzQiBGYVSKZ_S3y4Q,Nikhil Kamath,"""WTF is"" is a podcast series where entrepreneur and Investor Nikhil Kamath hosts friends and industry experts and holds casual yet intellectually stimulating conversations. The podcast covers a broad range of topics of particular current relevance, including technology, social media, renewable energy, electric vehicles, philosophy, gaming, psychology and more.",IN,https://yt3.ggpht.com/XGYri31DcKi98pan5DYErwHPuPSQbUX97DpRzp-652rpXvrXuokR_YJrSdm6LJJORJkTvL7kBF0=s88-c-k-c0x00ffffff-no-rj,1950000,1121
8TIsmkGPH7g,Smoothest Comeback Ever 😎,"#NikhilKamath Co-founder of Zerodha and Gruhas 
Host of 'WTF is' & 'People By WTF' Podcast 
Twitter: https://x.com/nikhilkamathcio/  
Instagram:  https://www.instagram.com/nikhilkamathcio/
LinkedIn: https://www.linkedin.com/in/nikhilkamathcio?utm_source=share&utm_campaign=share_via&utm_content=profile&utm_medium=ios_app
Facebook: https://www.facebook.com/nikhilkamathcio/

#WTFiswithnikhilkamath  #PeopleByWTF",2025-11-15T14:33:05Z,"nikhil kamath,nikhil kamath podcast,zerodha co founder,wtf is with nikhil kamath,startup podcasts,business podcasts in india,zerodha,peoplebywtf,entrepreneurship,indian entrepreneurship,startup ecosystem,Bengaluru,podcasts,indian podcasts,Mumbai,raha kapoor birthday,november 6,raha kapoor,ranbir kapoor daughter,alia ranbir raha",22,en,en-IN,https://i.ytimg.com/vi/8TIsmkGPH7g/default.jpg,https://i.ytimg.com/vi/8TIsmkGPH7g/hqdefault.jpg,PT22S,1023051,20817,83,public,UCnC8SAZzQiBGYVSKZ_S3y4Q,Nikhil Kamath,"""WTF is"" is a podcast series where entrepreneur and Investor Nikhil Kamath hosts friends and industry experts and holds casual yet intellectually stimulating conversations. The podcast covers a broad range of topics of particular current relevance, including technology, social media, renewable energy, electric vehicles, philosophy, gaming, psychology and more.",IN,https://yt3.ggpht.com/XGYri31DcKi98pan5DYErwHPuPSQbUX97DpRzp-652rpXvrXuokR_YJrSdm6LJJORJkTvL7kBF0=s88-c-k-c0x00ffffff-no-rj,1950000,1121
kg4aHd8jwIg,AI Proof Business Opportunity,"#NikhilKamath Co-founder of Zerodha and Gruhas 
Host of 'WTF is' & 'People By WTF' Podcast 
Twitter: https://x.com/nikhilkamathcio/  
Instagram:  https://www.instagram.com/nikhilkamathcio/
LinkedIn: https://www.linkedin.com/in/nikhilkamathcio?utm_source=share&utm_campaign=share_via&utm_content=profile&utm_medium=ios_app
Facebook: https://www.facebook.com/nikhilkamathcio/

#WTFiswithnikhilkamath  #PeopleByWTF",2025-11-15T14:26:53Z,"nikhil kamath,nikhil kamath podcast,zerodha co founder,wtf is with nikhil kamath,startup podcasts,business podcasts in india,zerodha,peoplebywtf,entrepreneurship,indian entrepreneurship,startup ecosystem,Bengaluru,podcasts,indian podcasts,Mumbai",22,en,en-IN,https://i.ytimg.com/vi/kg4aHd8jwIg/default.jpg,https://i.ytimg.com/vi/kg4aHd8jwIg/hqdefault.jpg,PT21S,282174,4465,31,public,UCnC8SAZzQiBGYVSKZ_S3y4Q,Nikhil Kamath,"""WTF is"" is a podcast series where entrepreneur and Investor Nikhil Kamath hosts friends and industry experts and holds casual yet intellectually stimulating conversations. The podcast covers a broad range of topics of particular current relevance, including technology, social media, renewable energy, electric vehicles, philosophy, gaming, psychology and more.",IN,https://yt3.ggpht.com/XGYri31DcKi98pan5DYErwHPuPSQbUX97DpRzp-652rpXvrXuokR_YJrSdm6LJJORJkTvL7kBF0=s88-c-k-c0x00ffffff-no-rj,1950000,1121
utgpWd0mV3k,How Hidden Trading Markets Work In India,"#NikhilKamath Co-founder of Zerodha and Gruhas 
Host of 'WTF is' & 'People By WTF' Podcast 
Twitter: https://x.com/nikhilkamathcio/  
Instagram:  https://www.instagram.com/nikhilkamathcio/
LinkedIn: https://www.linkedin.com/in/nikhilkamathcio?utm_source=share&utm_campaign=share_via&utm_content=profile&utm_medium=ios_app
Facebook: https://www.facebook.com/nikhilkamathcio/

#WTFiswithnikhilkamath  #PeopleByWTF",2025-11-12T15:16:59Z,"nikhil kamath,nikhil kamath podcast,zerodha co founder,wtf is with nikhil kamath,startup podcasts,business podcasts in india,zerodha,peoplebywtf,entrepreneurship,indian entrepreneurship,startup ecosystem,Bengaluru,podcasts,indian podcasts,Mumbai",22,en,en-IN,https://i.ytimg.com/vi/utgpWd0mV3k/default.jpg,https://i.ytimg.com/vi/utgpWd0mV3k/hqdefault.jpg,PT34S,113306,1954,14,public,UCnC8SAZzQiBGYVSKZ_S3y4Q,Nikhil Kamath,"""WTF is"" is a podcast series where entrepreneur and Investor Nikhil Kamath hosts friends and industry experts and holds casual yet intellectually stimulating conversations. The podcast covers a broad range of topics of particular current relevance, including technology, social media, renewable energy, electric vehicles, philosophy, gaming, psychology and more.",IN,https://yt3.ggpht.com/XGYri31DcKi98pan5DYErwHPuPSQbUX97DpRzp-652rpXvrXuokR_YJrSdm6LJJORJkTvL7kBF0=s88-c-k-c0x00ffffff-no-rj,1950000,1121
lNyOnxE1rLk,The New Data Centre Rush,"#NikhilKamath Co-founder of Zerodha and Gruhas 
Host of 'WTF is' & 'People By WTF' Podcast 
Twitter: https://x.com/nikhilkamathcio/  
Instagram:  https://www.instagram.com/nikhilkamathcio/
LinkedIn: https://www.linkedin.com/in/nikhilkamathcio?utm_source=share&utm_campaign=share_via&utm_content=profile&utm_medium=ios_app
Facebook: https://www.facebook.com/nikhilkamathcio/

#WTFiswithnikhilkamath  #PeopleByWTF",2025-11-11T14:53:28Z,"nikhil kamath,nikhil kamath podcast,zerodha co founder,wtf is with nikhil kamath,startup podcasts,business podcasts in india,zerodha,peoplebywtf,entrepreneurship,indian entrepreneurship,startup ecosystem,Bengaluru,podcasts,indian podcasts,Mumbai,raha kapoor birthday,november 6,raha kapoor,ranbir kapoor daughter,alia ranbir raha",22,en,en-IN,https://i.ytimg.com/vi/lNyOnxE1rLk/default.jpg,https://i.ytimg.com/vi/lNyOnxE1rLk/hqdefault.jpg,PT34S,207920,3384,20,public,UCnC8SAZzQiBGYVSKZ_S3y4Q,Nikhil Kamath,"""WTF is"" is a podcast series where entrepreneur and Investor Nikhil Kamath hosts friends and industry experts and holds casual yet intellectually stimulating conversations. The podcast covers a broad range of topics of particular current relevance, including technology, social media, renewable energy, electric vehicles, philosophy, gaming, psychology and more.",IN,https://yt3.ggpht.com/XGYri31DcKi98pan5DYErwHPuPSQbUX97DpRzp-652rpXvrXuokR_YJrSdm6LJJORJkTvL7kBF0=s88-c-k-c0x00ffffff-no-rj,1950000,1121
qJNye4GoONU,India's Most Successful Celebrity Brand?,"#NikhilKamath Co-founder of Zerodha and Gruhas 
Host of 'WTF is' & 'People By WTF' Podcast 
Twitter: https://x.com/nikhilkamathcio/  
Instagram:  https://www.instagram.com/nikhilkamathcio/
LinkedIn: https://www.linkedin.com/in/nikhilkamathcio?utm_source=share&utm_campaign=share_via&utm_content=profile&utm_medium=ios_app
Facebook: https://www.facebook.com/nikhilkamathcio/

#WTFiswithnikhilkamath  #PeopleByWTF",2025-11-11T13:09:03Z,"nikhil kamath,nikhil kamath podcast,zerodha co founder,wtf is with nikhil kamath,startup podcasts,business podcasts in india,zerodha,peoplebywtf,entrepreneurship,indian entrepreneurship,startup ecosystem,Bengaluru,podcasts,indian podcasts,Mumbai",22,en,en-IN,https://i.ytimg.com/vi/qJNye4GoONU/default.jpg,https://i.ytimg.com/vi/qJNye4GoONU/hqdefault.jpg,PT34S,141274,2570,23,public,UCnC8SAZzQiBGYVSKZ_S3y4Q,Nikhil Kamath,"""WTF is"" is a podcast series where entrepreneur and Investor Nikhil Kamath hosts friends and industry experts and holds casual yet intellectually stimulating conversations. The podcast covers a broad range of topics of particular current relevance, including technology, social media, renewable energy, electric vehicles, philosophy, gaming, psychology and more.",IN,https://yt3.ggpht.com/XGYri31DcKi98pan5DYErwHPuPSQbUX97DpRzp-652rpXvrXuokR_YJrSdm6LJJORJkTvL7kBF0=s88-c-k-c0x00ffffff-no-rj,1950000,1121
weqX4hRYWhQ,Badshah On Yo Yo Honey Singh,"#NikhilKamath Co-founder of Zerodha and Gruhas 
Host of 'WTF is' & 'People By WTF' Podcast 
Twitter: https://x.com/nikhilkamathcio/  
Instagram:  https://www.instagram.com/nikhilkamathcio/
LinkedIn: https://www.linkedin.com/in/nikhilkamathcio?utm_source=share&utm_campaign=share_via&utm_content=profile&utm_medium=ios_app
Facebook: https://www.facebook.com/nikhilkamathcio/

#WTFiswithnikhilkamath  #PeopleByWTF",2025-11-08T13:44:52Z,"nikhil kamath,nikhil kamath podcast,zerodha co founder,wtf is with nikhil kamath,startup podcasts,business podcasts in india,zerodha,peoplebywtf,entrepreneurship,indian entrepreneurship,startup ecosystem,Bengaluru,podcasts,indian podcasts,Mumbai,raha kapoor birthday,november 6,raha kapoor,ranbir kapoor daughter,alia ranbir raha",22,en,en-IN,https://i.ytimg.com/vi/weqX4hRYWhQ/default.jpg,https://i.ytimg.com/vi/weqX4hRYWhQ/hqdefault.jpg,PT30S,180715,2516,41,public,UCnC8SAZzQiBGYVSKZ_S3y4Q,Nikhil Kamath,"""WTF is"" is a podcast series where entrepreneur and Investor Nikhil Kamath hosts friends and industry experts and holds casual yet intellectually stimulating conversations. The podcast covers a broad range of topics of particular current relevance, including technology, social media, renewable energy, electric vehicles, philosophy, gaming, psychology and more.",IN,https://yt3.ggpht.com/XGYri31DcKi98pan5DYErwHPuPSQbUX97DpRzp-652rpXvrXuokR_YJrSdm6LJJORJkTvL7kBF0=s88-c-k-c0x00ffffff-no-rj,1950000,1121
TMITHa6x14M,Future Without Daily Hassle,"#NikhilKamath Co-founder of Zerodha and Gruhas 
Host of 'WTF is' & 'People By WTF' Podcast 
Twitter: https://x.com/nikhilkamathcio/  
Instagram:  https://www.instagram.com/nikhilkamathcio/
LinkedIn: https://www.linkedin.com/in/nikhilkamathcio?utm_source=share&utm_campaign=share_via&utm_content=profile&utm_medium=ios_app
Facebook: https://www.facebook.com/nikhilkamathcio/

#WTFiswithnikhilkamath  #PeopleByWTF",2025-11-06T15:55:33Z,"nikhil kamath,nikhil kamath podcast,zerodha co founder,wtf is with nikhil kamath,startup podcasts,business podcasts in india,zerodha,peoplebywtf,entrepreneurship,indian entrepreneurship,startup ecosystem,Bengaluru,podcasts,indian podcasts,Mumbai",22,en,en-IN,https://i.ytimg.com/vi/TMITHa6x14M/default.jpg,https://i.ytimg.com/vi/TMITHa6x14M/hqdefault.jpg,PT31S,29261,531,6,public,UCnC8SAZzQiBGYVSKZ_S3y4Q,Nikhil Kamath,"""WTF is"" is a podcast series where entrepreneur and Investor Nikhil Kamath hosts friends and industry experts and holds casual yet intellectually stimulating conversations. The podcast covers a broad range of topics of particular current relevance, including technology, social media, renewable energy, electric vehicles, philosophy, gaming, psychology and more.",IN,https://yt3.ggpht.com/XGYri31DcKi98pan5DYErwHPuPSQbUX97DpRzp-652rpXvrXuokR_YJrSdm6LJJORJkTvL7kBF0=s88-c-k-c0x00ffffff-no-rj,1950000,1121
NJdtG2-8WaA,Meeting Viv Richards,"#NikhilKamath Co-founder of Zerodha and Gruhas 
Host of 'WTF is' & 'People By WTF' Podcast 
Twitter: https://x.com/nikhilkamathcio/  
Instagram:  https://www.instagram.com/nikhilkamathcio/
LinkedIn: https://www.linkedin.com/in/nikhilkamathcio?utm_source=share&utm_campaign=share_via&utm_content=profile&utm_medium=ios_app
Facebook: https://www.facebook.com/nikhilkamathcio/

#WTFiswithnikhilkamath  #PeopleByWTF",2025-11-06T15:51:12Z,"nikhil kamath,nikhil kamath podcast,zerodha co founder,wtf is with nikhil kamath,startup podcasts,business podcasts in india,zerodha,peoplebywtf,entrepreneurship,indian entrepreneurship,startup ecosystem,Bengaluru,podcasts,indian podcasts,Mumbai",22,en,en-IN,https://i.ytimg.com/vi/NJdtG2-8WaA/default.jpg,https://i.ytimg.com/vi/NJdtG2-8WaA/hqdefault.jpg,PT28S,170418,2643,5,public,UCnC8SAZzQiBGYVSKZ_S3y4Q,Nikhil Kamath,"""WTF is"" is a podcast series where entrepreneur and Investor Nikhil Kamath hosts friends and industry experts and holds casual yet intellectually stimulating conversations. The podcast covers a broad range of topics of particular current relevance, including technology, social media, renewable energy, electric vehicles, philosophy, gaming, psychology and more.",IN,https://yt3.ggpht.com/XGYri31DcKi98pan5DYErwHPuPSQbUX97DpRzp-652rpXvrXuokR_YJrSdm6LJJORJkTvL7kBF0=s88-c-k-c0x00ffffff-no-rj,1950000,1121
Hy2e0pNL_-0,How Raha's Birth Changed My Life,"#NikhilKamath Co-founder of Zerodha and Gruhas 
Host of 'WTF is' & 'People By WTF' Podcast 
Twitter: https://x.com/nikhilkamathcio/  
Instagram:  https://www.instagram.com/nikhilkamathcio/
LinkedIn: https://www.linkedin.com/in/nikhilkamathcio?utm_source=share&utm_campaign=share_via&utm_content=profile&utm_medium=ios_app
Facebook: https://www.facebook.com/nikhilkamathcio/

#WTFiswithnikhilkamath  #PeopleByWTF",2025-11-06T13:53:57Z,"nikhil kamath,nikhil kamath podcast,zerodha co founder,wtf is with nikhil kamath,startup podcasts,business podcasts in india,zerodha,peoplebywtf,entrepreneurship,indian entrepreneurship,startup ecosystem,Bengaluru,podcasts,indian podcasts,Mumbai,raha kapoor birthday,november 6,raha kapoor,ranbir kapoor daughter,alia ranbir raha",22,en,en-IN,https://i.ytimg.com/vi/Hy2e0pNL_-0/default.jpg,https://i.ytimg.com/vi/Hy2e0pNL_-0/hqdefault.jpg,PT28S,83980,1617,8,public,UCnC8SAZzQiBGYVSKZ_S3y4Q,Nikhil Kamath,"""WTF is"" is a podcast series where entrepreneur and Investor Nikhil Kamath hosts friends and industry experts and holds casual yet intellectually stimulating conversations. The podcast covers a broad range of topics of particular current relevance, including technology, social media, renewable energy, electric vehicles, philosophy, gaming, psychology and more.",IN,https://yt3.ggpht.com/XGYri31DcKi98pan5DYErwHPuPSQbUX97DpRzp-652rpXvrXuokR_YJrSdm6LJJORJkTvL7kBF0=s88-c-k-c0x00ffffff-no-rj,1950000,1121
PAXAuMI349s,65% Of Startups Shut Down Because...,"#NikhilKamath Co-founder of Zerodha and Gruhas 
Host of 'WTF is' & 'People By WTF' Podcast 
Twitter: https://x.com/nikhilkamathcio/  
Instagram:  https://www.instagram.com/nikhilkamathcio/
LinkedIn: https://www.linkedin.com/in/nikhilkamathcio?utm_source=share&utm_campaign=share_via&utm_content=profile&utm_medium=ios_app
Facebook: https://www.facebook.com/nikhilkamathcio/

#WTFiswithnikhilkamath  #PeopleByWTF",2025-11-06T12:59:05Z,"nikhil kamath,nikhil kamath podcast,zerodha co founder,wtf is with nikhil kamath,startup podcasts,business podcasts in india,zerodha,peoplebywtf,entrepreneurship,indian entrepreneurship,startup ecosystem,Bengaluru,podcasts,indian podcasts,Mumbai",22,en,en-IN,https://i.ytimg.com/vi/PAXAuMI349s/default.jpg,https://i.ytimg.com/vi/PAXAuMI349s/hqdefault.jpg,PT29S,560718,10030,50,public,UCnC8SAZzQiBGYVSKZ_S3y4Q,Nikhil Kamath,"""WTF is"" is a podcast series where entrepreneur and Investor Nikhil Kamath hosts friends and industry experts and holds casual yet intellectually stimulating conversations. The podcast covers a broad range of topics of particular current relevance, including technology, social media, renewable energy, electric vehicles, philosophy, gaming, psychology and more.",IN,https://yt3.ggpht.com/XGYri31DcKi98pan5DYErwHPuPSQbUX97DpRzp-652rpXvrXuokR_YJrSdm6LJJORJkTvL7kBF0=s88-c-k-c0x00ffffff-no-rj,1950000,1121
SjPkHWdaEeQ,Raising ₹40 Lakh From Contrary Capital,"#NikhilKamath Co-founder of Zerodha and Gruhas 
Host of 'WTF is' & 'People By WTF' Podcast 
Twitter: https://x.com/nikhilkamathcio/  
Instagram:  https://www.instagram.com/nikhilkamathcio/
LinkedIn: https://www.linkedin.com/in/nikhilkamathcio?utm_source=share&utm_campaign=share_via&utm_content=profile&utm_medium=ios_app
Facebook: https://www.facebook.com/nikhilkamathcio/

#WTFiswithnikhilkamath  #PeopleByWTF",2025-11-05T14:20:28Z,"nikhil kamath,nikhil kamath podcast,zerodha co founder,wtf is with nikhil kamath,startup podcasts,business podcasts in india,zerodha,peoplebywtf,entrepreneurship,indian entrepreneurship,startup ecosystem,Bengaluru,podcasts,indian podcasts,Mumbai",22,en,en-IN,https://i.ytimg.com/vi/SjPkHWdaEeQ/default.jpg,https://i.ytimg.com/vi/SjPkHWdaEeQ/hqdefault.jpg,PT28S,899844,14024,55,public,UCnC8SAZzQiBGYVSKZ_S3y4Q,Nikhil Kamath,"""WTF is"" is a podcast series where entrepreneur and Investor Nikhil Kamath hosts friends and industry experts and holds casual yet intellectually stimulating conversations. The podcast covers a broad range of topics of particular current relevance, including technology, social media, renewable energy, electric vehicles, philosophy, gaming, psychology and more.",IN,https://yt3.ggpht.com/XGYri31DcKi98pan5DYErwHPuPSQbUX97DpRzp-652rpXvrXuokR_YJrSdm6LJJORJkTvL7kBF0=s88-c-k-c0x00ffffff-no-rj,1950000,1121
5q5WSPXP5Rg,My Simple Gold Rule For Life,"#NikhilKamath Co-founder of Zerodha and Gruhas 
Host of 'WTF is' & 'People By WTF' Podcast 
Twitter: https://x.com/nikhilkamathcio/  
Instagram:  https://www.instagram.com/nikhilkamathcio/
LinkedIn: https://www.linkedin.com/in/nikhilkamathcio?utm_source=share&utm_campaign=share_via&utm_content=profile&utm_medium=ios_app
Facebook: https://www.facebook.com/nikhilkamathcio/

#WTFiswithnikhilkamath  #PeopleByWTF",2025-11-04T15:15:44Z,"nikhil kamath,nikhil kamath podcast,zerodha co founder,wtf is with nikhil kamath,startup podcasts,business podcasts in india,zerodha,peoplebywtf,entrepreneurship,indian entrepreneurship,startup ecosystem,Bengaluru,podcasts,indian podcasts,Mumbai",22,en,en-IN,https://i.ytimg.com/vi/5q5WSPXP5Rg/default.jpg,https://i.ytimg.com/vi/5q5WSPXP5Rg/hqdefault.jpg,PT32S,3160999,42220,247,public,UCnC8SAZzQiBGYVSKZ_S3y4Q,Nikhil Kamath,"""WTF is"" is a podcast series where entrepreneur and Investor Nikhil Kamath hosts friends and industry experts and holds casual yet intellectually stimulating conversations. The podcast covers a broad range of topics of particular current relevance, including technology, social media, renewable energy, electric vehicles, philosophy, gaming, psychology and more.",IN,https://yt3.ggpht.com/XGYri31DcKi98pan5DYErwHPuPSQbUX97DpRzp-652rpXvrXuokR_YJrSdm6LJJORJkTvL7kBF0=s88-c-k-c0x00ffffff-no-rj,1950000,1121
YjzauWk0nsA,The Harsh Truth About AI Valuations,"#NikhilKamath Co-founder of Zerodha and Gruhas 
Host of 'WTF is' & 'People By WTF' Podcast 
Twitter: https://x.com/nikhilkamathcio/  
Instagram:  https://www.instagram.com/nikhilkamathcio/
LinkedIn: https://www.linkedin.com/in/nikhilkamathcio?utm_source=share&utm_campaign=share_via&utm_content=profile&utm_medium=ios_app
Facebook: https://www.facebook.com/nikhilkamathcio/

#WTFiswithnikhilkamath  #PeopleByWTF",2025-11-04T15:07:38Z,"nikhil kamath,nikhil kamath podcast,zerodha co founder,wtf is with nikhil kamath,startup podcasts,business podcasts in india,zerodha,peoplebywtf,entrepreneurship,indian entrepreneurship,startup ecosystem,Bengaluru,podcasts,indian podcasts,Mumbai",22,en,en-IN,https://i.ytimg.com/vi/YjzauWk0nsA/default.jpg,https://i.ytimg.com/vi/YjzauWk0nsA/hqdefault.jpg,PT45S,685895,14136,199,public,UCnC8SAZzQiBGYVSKZ_S3y4Q,Nikhil Kamath,"""WTF is"" is a podcast series where entrepreneur and Investor Nikhil Kamath hosts friends and industry experts and holds casual yet intellectually stimulating conversations. The podcast covers a broad range of topics of particular current relevance, including technology, social media, renewable energy, electric vehicles, philosophy, gaming, psychology and more.",IN,https://yt3.ggpht.com/XGYri31DcKi98pan5DYErwHPuPSQbUX97DpRzp-652rpXvrXuokR_YJrSdm6LJJORJkTvL7kBF0=s88-c-k-c0x00ffffff-no-rj,1950000,1121
